baseline,split,recall@5,ndcg@5,recall@10,ndcg@10,recall@50,ndcg@50,mrr,rmse,mae
TF-IDF,validation,0.0,0.5333013992824567,0.0,0.528472496329301,0.0,0.5416907818032798,0.0,,
TF-IDF,test,0.0,0.5246137635758245,0.0,0.5215190144787549,0.0,0.537949662716754,0.0,,
Structured,validation,0.0,1.0,0.0,1.0,0.0,0.999721983661089,0.0,0.2918213493628122,0.20181714028156658
Structured,test,0.0,1.0,0.0,1.0,0.0,0.9996916642321827,0.0,0.2900594976990812,0.20110193434872337
