baseline,split,recall@5,precision@5,ndcg@5,recall@10,precision@10,ndcg@10,recall@50,precision@50,ndcg@50,mrr,hit@5,hit@10,hit@50,rmse,mae
TF-IDF Enhanced,validation,0.07538635816304948,0.21172,0.4015324275684433,0.1398522913954964,0.20269999999999996,0.4097833791984101,0.5237260208868474,0.148184,0.5278395444760439,0.3411354503607269,0.4838,0.5506,0.6794,,
TF-IDF Enhanced,test,0.07741223131132313,0.2092,0.400579318855781,0.14442354925169756,0.2004,0.40883200545112824,0.5295294156913664,0.146304,0.5261941853749715,0.34555257797980926,0.4892,0.5646,0.687,,
Structured Enhanced,validation,0.3594693734739864,0.59224,0.9999447304033949,0.5039458898051157,0.53796,0.9998862918073071,0.7046,0.201004,0.999942066230725,0.7046,0.7046,0.7046,0.7046,0.1191989738700556,0.081657698265955
Structured Enhanced,test,0.3699504892846168,0.5971200000000001,0.9998069303367484,0.5161106611089162,0.5397,0.9998412264254626,0.7134,0.199152,0.999919620742816,0.7133,0.7134,0.7134,0.7134,0.11884931991690739,0.08140156530692029
Hybrid,validation,0.33203629685246605,0.5446,0.9432123095453134,0.4475519106530861,0.46462,0.9124466807470352,0.7038189585148584,0.20037200000000002,0.8721442055783467,0.68057,0.7044,0.7046,0.7046,,
Hybrid,test,0.3410246029761019,0.5472799999999999,0.941681666237868,0.4573185894612654,0.4649,0.9125550357421939,0.7128333136999269,0.198704,0.8713083934728234,0.6899685714285715,0.7132,0.7134,0.7134,,
TF-IDF Original,validation,0.07067950329893795,0.20352,0.39800386641836055,0.13425943678635052,0.19592,0.4049450017473766,0.5069223226911388,0.14383200000000002,0.5208718533609938,0.3305690575131603,0.4722,0.545,0.676,,
TF-IDF Original,test,0.07235224033749867,0.19856,0.391169644317057,0.13513249994879262,0.19096,0.39964247628249683,0.5136782975623263,0.141752,0.517515700486089,0.3330329450605561,0.476,0.5536,0.6848,,
