{
  "recall@5": 0.049287159384441816,
  "precision@5": 0.15312000000000003,
  "ndcg@5": 0.3705850175467386,
  "hit@5": 0.4066,
  "recall@10": 0.09263890314144428,
  "precision@10": 0.14312,
  "ndcg@10": 0.37938260711813493,
  "hit@10": 0.4958,
  "recall@50": 0.3683358989108562,
  "precision@50": 0.11037200000000003,
  "ndcg@50": 0.49483578202542083,
  "hit@50": 0.634,
  "mrr": 0.27535895326633997
}