{
  "recall@5": 0.0492106918935109,
  "precision@5": 0.15184,
  "ndcg@5": 0.3688014492030486,
  "hit@5": 0.4122,
  "recall@10": 0.0937348949487799,
  "precision@10": 0.14414000000000002,
  "ndcg@10": 0.3793614075549915,
  "hit@10": 0.4988,
  "recall@50": 0.3658839229806156,
  "precision@50": 0.109248,
  "ndcg@50": 0.49400786993998264,
  "hit@50": 0.6342,
  "mrr": 0.27783695817862425
}